{
  "0_a-[math.8b]-00000000_2": {
    "priorParams": [
      1.3399999999999928,
      0.9999999999999951,
      300
    ],
    "numDrills": 2,
    "lastTime": 1606512010
  },
  "1_a-[math.8b]-00000001_2": {
    "priorParams": [
      1.3099999999999994,
      0.9999999999999986,
      300
    ],
    "numDrills": 2,
    "lastTime": 1606512000
  },
  "2_a-[math.8b]-00000010_2": {
    "priorParams": [
      1.4099999999999997,
      0.9999999999999987,
      300
    ],
    "numDrills": 2,
    "lastTime": 1606512032
  },
  "3_a-[math.8b]-00000011_2": {
    "priorParams": [
      1.3066666666666658,
      0.9999999999999996,
      300
    ],
    "numDrills": 2,
    "lastTime": 1606512002
  },
  "4_a-[math.8b]-00000100_2": {
    "priorParams": [
      1.3266666666666689,
      1.0000000000000027,
      300
    ],
    "numDrills": 2,
    "lastTime": 1606512004
  },
  "5_a-[math.8b]-00000101_2": {
    "priorParams": [
      1.2633333333333285,
      0.9999999999999976,
      300
    ],
    "numDrills": 2,
    "lastTime": 1606511984
  },
  "6_a-[math.8b]-00000110_2": {
    "priorParams": [
      1.276666666666657,
      0.9999999999999948,
      300
    ],
    "numDrills": 2,
    "lastTime": 1606511992
  },
  "7_a-[math.8b]-00000111_2": {
    "priorParams": [
      1.049999999999999,
      0.9999999999999994,
      300
    ],
    "numDrills": 1,
    "lastTime": 1606511981
  },
  "8_a-[math.8b]-00001000_2": {
    "priorParams": [
      1.3300000000000087,
      1.0000000000000056,
      300
    ],
    "numDrills": 2,
    "lastTime": 1606512006
  },
  "9_a-[math.8b]-00001001_2": {
    "priorParams": [
      1.3500000000000074,
      1.0000000000000047,
      300
    ],
    "numDrills": 2,
    "lastTime": 1606512009
  },
  "10_a-[math.8b]-00001010_2": {
    "priorParams": [
      1.4100000000000075,
      1.0000000000000042,
      300
    ],
    "numDrills": 2,
    "lastTime": 1606512030
  },
  "11_a-[math.8b]-00001011_2": {
    "priorParams": [
      1.4933333333333365,
      1.000000000000001,
      300
    ],
    "numDrills": 2,
    "lastTime": 1606512027
  },
  "12_a-[math.8b]-00001100_2": {
    "priorParams": [
      1.4300000000000017,
      1.000000000000002,
      300
    ],
    "numDrills": 2,
    "lastTime": 1606511997
  },
  "13_a-[math.8b]-00001101_2": {
    "priorParams": [
      1.2633333333333396,
      1.000000000000005,
      300
    ],
    "numDrills": 2,
    "lastTime": 1606511987
  },
  "14_a-[math.8b]-00001110_2": {
    "priorParams": [
      1.3766666666666751,
      1.0000000000000056,
      300
    ],
    "numDrills": 2,
    "lastTime": 1606512019
  },
  "15_a-[math.8b]-00001111_2": {
    "priorParams": [
      1.3066666666666655,
      1.0000000000000002,
      300
    ],
    "numDrills": 2,
    "lastTime": 1606511999
  },
  "16_a-[math.8b]-00010000_2": {},
  "17_a-[math.8b]-00010001_2": {},
  "18_a-[math.8b]-00010010_2": {},
  "19_a-[math.8b]-00010011_2": {},
  "20_a-[math.8b]-00010100_2": {},
  "21_a-[math.8b]-00010101_2": {},
  "22_a-[math.8b]-00010110_2": {},
  "23_a-[math.8b]-00010111_2": {},
  "24_a-[math.8b]-00011000_2": {},
  "25_a-[math.8b]-00011001_2": {},
  "26_a-[math.8b]-00011010_2": {},
  "27_a-[math.8b]-00011011_2": {},
  "28_a-[math.8b]-00011100_2": {},
  "29_a-[math.8b]-00011101_2": {},
  "30_a-[math.8b]-00011110_2": {},
  "31_a-[math.8b]-00011111_2": {},
  "32_a-[math.8b]-00100000_2": {},
  "33_a-[math.8b]-00100001_2": {},
  "34_a-[math.8b]-00100010_2": {},
  "35_a-[math.8b]-00100011_2": {},
  "36_a-[math.8b]-00100100_2": {},
  "37_a-[math.8b]-00100101_2": {},
  "38_a-[math.8b]-00100110_2": {},
  "39_a-[math.8b]-00100111_2": {},
  "40_a-[math.8b]-00101000_2": {},
  "41_a-[math.8b]-00101001_2": {},
  "42_a-[math.8b]-00101010_2": {},
  "43_a-[math.8b]-00101011_2": {},
  "44_a-[math.8b]-00101100_2": {},
  "45_a-[math.8b]-00101101_2": {},
  "46_a-[math.8b]-00101110_2": {},
  "47_a-[math.8b]-00101111_2": {},
  "48_a-[math.8b]-00110000_2": {},
  "49_a-[math.8b]-00110001_2": {},
  "50_a-[math.8b]-00110010_2": {},
  "51_a-[math.8b]-00110011_2": {},
  "52_a-[math.8b]-00110100_2": {},
  "53_a-[math.8b]-00110101_2": {},
  "54_a-[math.8b]-00110110_2": {},
  "55_a-[math.8b]-00110111_2": {},
  "56_a-[math.8b]-00111000_2": {},
  "57_a-[math.8b]-00111001_2": {},
  "58_a-[math.8b]-00111010_2": {},
  "59_a-[math.8b]-00111011_2": {},
  "60_a-[math.8b]-00111100_2": {},
  "61_a-[math.8b]-00111101_2": {},
  "62_a-[math.8b]-00111110_2": {},
  "63_a-[math.8b]-00111111_2": {},
  "64_a-[math.8b]-01000000_2": {},
  "65_a-[math.8b]-01000001_2": {},
  "66_a-[math.8b]-01000010_2": {},
  "67_a-[math.8b]-01000011_2": {},
  "68_a-[math.8b]-01000100_2": {},
  "69_a-[math.8b]-01000101_2": {},
  "70_a-[math.8b]-01000110_2": {},
  "71_a-[math.8b]-01000111_2": {},
  "72_a-[math.8b]-01001000_2": {},
  "73_a-[math.8b]-01001001_2": {},
  "74_a-[math.8b]-01001010_2": {},
  "75_a-[math.8b]-01001011_2": {},
  "76_a-[math.8b]-01001100_2": {},
  "77_a-[math.8b]-01001101_2": {},
  "78_a-[math.8b]-01001110_2": {},
  "79_a-[math.8b]-01001111_2": {},
  "80_a-[math.8b]-01010000_2": {},
  "81_a-[math.8b]-01010001_2": {},
  "82_a-[math.8b]-01010010_2": {},
  "83_a-[math.8b]-01010011_2": {},
  "84_a-[math.8b]-01010100_2": {},
  "85_a-[math.8b]-01010101_2": {},
  "86_a-[math.8b]-01010110_2": {},
  "87_a-[math.8b]-01010111_2": {},
  "88_a-[math.8b]-01011000_2": {},
  "89_a-[math.8b]-01011001_2": {},
  "90_a-[math.8b]-01011010_2": {},
  "91_a-[math.8b]-01011011_2": {},
  "92_a-[math.8b]-01011100_2": {},
  "93_a-[math.8b]-01011101_2": {},
  "94_a-[math.8b]-01011110_2": {},
  "95_a-[math.8b]-01011111_2": {},
  "96_a-[math.8b]-01100000_2": {},
  "97_a-[math.8b]-01100001_2": {},
  "98_a-[math.8b]-01100010_2": {},
  "99_a-[math.8b]-01100011_2": {},
  "100_a-[math.8b]-01100100_2": {},
  "101_a-[math.8b]-01100101_2": {},
  "102_a-[math.8b]-01100110_2": {},
  "103_a-[math.8b]-01100111_2": {},
  "104_a-[math.8b]-01101000_2": {},
  "105_a-[math.8b]-01101001_2": {},
  "106_a-[math.8b]-01101010_2": {},
  "107_a-[math.8b]-01101011_2": {},
  "108_a-[math.8b]-01101100_2": {},
  "109_a-[math.8b]-01101101_2": {},
  "110_a-[math.8b]-01101110_2": {},
  "111_a-[math.8b]-01101111_2": {},
  "112_a-[math.8b]-01110000_2": {},
  "113_a-[math.8b]-01110001_2": {},
  "114_a-[math.8b]-01110010_2": {},
  "115_a-[math.8b]-01110011_2": {},
  "116_a-[math.8b]-01110100_2": {},
  "117_a-[math.8b]-01110101_2": {},
  "118_a-[math.8b]-01110110_2": {},
  "119_a-[math.8b]-01110111_2": {},
  "120_a-[math.8b]-01111000_2": {},
  "121_a-[math.8b]-01111001_2": {},
  "122_a-[math.8b]-01111010_2": {},
  "123_a-[math.8b]-01111011_2": {},
  "124_a-[math.8b]-01111100_2": {},
  "125_a-[math.8b]-01111101_2": {},
  "126_a-[math.8b]-01111110_2": {},
  "127_a-[math.8b]-01111111_2": {},
  "128_a-[math.8b]-10000000_2": {},
  "129_a-[math.8b]-10000001_2": {},
  "130_a-[math.8b]-10000010_2": {},
  "131_a-[math.8b]-10000011_2": {},
  "132_a-[math.8b]-10000100_2": {},
  "133_a-[math.8b]-10000101_2": {},
  "134_a-[math.8b]-10000110_2": {},
  "135_a-[math.8b]-10000111_2": {},
  "136_a-[math.8b]-10001000_2": {},
  "137_a-[math.8b]-10001001_2": {},
  "138_a-[math.8b]-10001010_2": {},
  "139_a-[math.8b]-10001011_2": {},
  "140_a-[math.8b]-10001100_2": {},
  "141_a-[math.8b]-10001101_2": {},
  "142_a-[math.8b]-10001110_2": {},
  "143_a-[math.8b]-10001111_2": {},
  "144_a-[math.8b]-10010000_2": {},
  "145_a-[math.8b]-10010001_2": {},
  "146_a-[math.8b]-10010010_2": {},
  "147_a-[math.8b]-10010011_2": {},
  "148_a-[math.8b]-10010100_2": {},
  "149_a-[math.8b]-10010101_2": {},
  "150_a-[math.8b]-10010110_2": {},
  "151_a-[math.8b]-10010111_2": {},
  "152_a-[math.8b]-10011000_2": {},
  "153_a-[math.8b]-10011001_2": {},
  "154_a-[math.8b]-10011010_2": {},
  "155_a-[math.8b]-10011011_2": {},
  "156_a-[math.8b]-10011100_2": {},
  "157_a-[math.8b]-10011101_2": {},
  "158_a-[math.8b]-10011110_2": {},
  "159_a-[math.8b]-10011111_2": {},
  "160_a-[math.8b]-10100000_2": {},
  "161_a-[math.8b]-10100001_2": {},
  "162_a-[math.8b]-10100010_2": {},